source,experiment,n_models,spearman,ci_lo,ci_hi
OurExercise,policy,34,0.8539343009931245,0.6290565269416206,0.9359167191306539
MMTEB,policy,32,0.563049853372434,0.2019081767922895,0.7873736250590473
OurExercise,gov-ai,34,0.8511841100076393,0.7630582278432934,0.9180966431074393
MMTEB,gov-ai,32,0.5773460410557184,0.11365089754384182,0.7806134026168243
