source,experiment,n_models,spearman,ci_lo,ci_hi
OurExercise,policy,34,0.8429335370511841,0.6113069646485538,0.9346126526661873
MMTEB,policy,32,0.563049853372434,0.22484089202365898,0.7971062034905378
OurExercise,gov-ai,34,0.8456837280366691,0.7348062300139491,0.9181237011264529
MMTEB,gov-ai,32,0.5773460410557184,0.12559790252559364,0.7822673739736405
