dataset,n_statements,n_components,stress
gov-ai,244,10,0.22272074953917695
rai,301,20,0.20891596842334148
welfare,178,10,0.21004327597876846
