dataset,comparison,mean,lower,upper
rai,"Within-rater
between-round",0.019939594887036186,0.01641011025819845,0.023547497497620803
rai,"Between-rater
within-round",0.035100146714553575,0.033813535296504264,0.03639716231362538
welfare,"Within-rater
between-round",0.02583315674173547,0.018830449194217645,0.03450859710505345
welfare,"Between-rater
within-round",0.035631684883120185,0.033820968953103984,0.0375372178121007
